tweets,,,,,,,,,,,,,,,characters
You can effortlessly keep track of the Somali jobs that interest you and you won't have to spend hours searching for them. Subscribe here http://www.diractly.com/,,,,,,,,,,,,,,,162
Get notified about new job posts on your favourite Somali job posting sites for free. Subscribe today  http://www.diractly.com/,,,,,,,,,,,,,,,127
Diractly sends daily job alerts for new Somali jobs in your area via email. Saves you a ton of time in searching new jobs. Find out more  http://www.diractly.com/,,,,,,,,,,,,,,,162
Diractly simplifies the job search for you by scraping job listings from your desired source and delivers relevant jobs straight to your email daily, saving you both time and effort. Check it out now   http://www.diractly.com/",,,,,,,,,,,,,,,226
Spare yourself from the discomfort of having to regularly browse job boards to check for new Somali jobs, Diractly will do it for you and email a daily digest of new jobs. Details here http://www.diractly.com/",,,,,,,,,,,,,,,209
Diractly is a handy service that emails you new Somali jobs every day. It's free, convenient and you wouldn't miss a job again. Set up your daily email alert by subscribing to Diractly  http://www.diractly.com/",,,,,,,,,,,,,,,210
Don't spend hours searching for a job. Let Diractly do the dirty work for you. It will take you less than a minute to set up your job alert. Try it now http://www.diractly.com/,,,,,,,,,,,,,,,176
Save time sifting through thousands of job postings with Diractly's daily email alert service. More here  http://www.diractly.com/,,,,,,,,,,,,,,,130
Diractly will send you 1 email per day with the newest jobs matching your search. Set up you alert here now http://www.diractly.com/,,,,,,,,,,,,,,,132
